﻿<?xml version="1.0" encoding="UTF-8"?>
<placeable type="sellingStation" xmlns:xsi="http://www.w3.org/2001/XMLSchema-instance" xsi:noNamespaceSchemaLocation="../../../../shared/xml/schema/placeable.xsd">
<storeData>
<name>
        <en>Ginger Bread Selling Station</en>
        <de>Lebkuchen-Stand Verkaufsstation</de>
</name>

<functions>
<function>
        <en>Christmas Market for ginger bread as selling station.</en>
        <de>Weihnachtsmarkt Stand für Lebkuchen als Verkaufsstation.</de>
</function>
</functions>

<image>store_marketGingerbread.dds</image>
<lifetime>1000</lifetime>
<price>1000</price>
<rotation>0</rotation>
<brand>NONE</brand>
<species>placeable</species>
<category>sellingPoints</category>
<brush>
	<type>placeable</type>
    <category>production</category>
    <tab>sellingPoints</tab>
</brush>
        <vertexBufferMemoryUsage>412672</vertexBufferMemoryUsage>
        <indexBufferMemoryUsage>79616</indexBufferMemoryUsage>
        <textureMemoryUsage>4128768</textureMemoryUsage>
        <audioMemoryUsage>0</audioMemoryUsage>
        <instanceVertexBufferMemoryUsage>0</instanceVertexBufferMemoryUsage>
        <instanceIndexBufferMemoryUsage>0</instanceIndexBufferMemoryUsage>
</storeData>

<base>
	<filename>marketGingerbread.i3d</filename>
    <canBeRenamed>true</canBeRenamed>
</base>

    <placement useRandomYRotation="false" useManualYRotation="true" >
        <testAreas>
            <testArea startNode="0>3|1" endNode="0>3|1|0" />
        </testAreas>
        <sounds>
            <place template="medImp" />
        </sounds>
    </placement>


<clearAreas> 
        <clearArea startNode="0>3|0" widthNode="0>3|0|0" heightNode="0>3|0|1"/>
</clearAreas>

<leveling maxEdgeAngle="30" maxSlope="30" maxSmoothDistance="8" requireLeveling="true">
<levelAreas> 
    <levelArea startNode="0>3|0" widthNode="0>3|0|0" heightNode="0>3|0|1"/>
</levelAreas>
</leveling>

    <indoorAreas>
        <indoorArea startNode="0>3|2" widthNode="0>3|2|0" heightNode="0>3|2|1" />
    </indoorAreas>

    <ai>
        <splines>
            <spline node="0>5|0|3" />
        </splines>
        <updateAreas>
            <updateArea startNode="0>3|3" endNode="0>3|3|0" />
        </updateAreas>
    </ai>

    <hotspots>
        <hotspot type="UNLOADING" linkNode="0>5|0|2" teleportNode="0>5|0|2" />
    </hotspots>


    <sellingStation appearsOnStats="true" litersForFullPriceDrop="1000" fullPriceRecoverHours="24">
        <unloadTrigger exactFillRootNode="0>5|0|0|0|0" aiNode="0>5|0|1" fillTypes="wheat barley oat sugarBeet sugarCane egg water honey flour sugar raisins SUNFLOWER_OIL CANOLA_OIL OLIVE_OIL butter CHOCOLATE"/>

        <fillType name="wheat"			priceScale="1.5" supportsGreatDemand="true" disablePriceDrop="false" />
        <fillType name="barley"         priceScale="1.5" supportsGreatDemand="true" disablePriceDrop="false" />
        <fillType name="oat"          	priceScale="1.5" supportsGreatDemand="true" disablePriceDrop="false" />
        <fillType name="sugarBeet"      priceScale="1.5" supportsGreatDemand="true" disablePriceDrop="false" />
        <fillType name="sugarCane"      priceScale="1.5" supportsGreatDemand="true" disablePriceDrop="false" />
        <fillType name="egg"          	priceScale="1.5" supportsGreatDemand="true" disablePriceDrop="false" />
       	<fillType name="water"          priceScale="1.5" supportsGreatDemand="true" disablePriceDrop="false" />
		<fillType name="honey"          priceScale="1.5" supportsGreatDemand="true" disablePriceDrop="false" />
		<fillType name="flour"          priceScale="1.5" supportsGreatDemand="true" disablePriceDrop="false" />
		<fillType name="sugar"          priceScale="1.5" supportsGreatDemand="true" disablePriceDrop="false" />
		<fillType name="raisins"        priceScale="1.5" supportsGreatDemand="true" disablePriceDrop="false" />
		<fillType name="SUNFLOWER_OIL"  priceScale="1.5" supportsGreatDemand="true" disablePriceDrop="false" />
		<fillType name="CANOLA_OIL"     priceScale="1.5" supportsGreatDemand="true" disablePriceDrop="false" />
		<fillType name="OLIVE_OIL"      priceScale="1.5" supportsGreatDemand="true" disablePriceDrop="false" />
		<fillType name="butter"         priceScale="1.5" supportsGreatDemand="true" disablePriceDrop="false" />
		<fillType name="CHOCOLATE"      priceScale="1.5" supportsGreatDemand="true" disablePriceDrop="false" />
    </sellingStation>

    <triggerMarkers>
        <triggerMarker node="0>5|0|2" filename="$data/shared/assets/marker/markerIcons.xml" id="UNLOAD" adjustToGround="true" />
    </triggerMarkers>

    <animatedObjects>
        <animatedObject saveId="door" >
            <animation duration="1.5">
                <part node="0>1|0">
                    <keyFrame time="0.0" rotation="0 0 0"/>
                    <keyFrame time="1.0" rotation="0 175 0"/>
                </part>
            </animation>
            <controls triggerNode="0>1|1" posAction="ACTIVATE_HANDTOOL" posText="action_openGate" negText="action_closeGate" />
            <sounds>
                <moving file="$data/sounds/prefab/gate/backDoorLoop.wav" loops="0" linkNode="0>1|0" volume="0.8" radius="25" innerRadius="3" fadeOut="0.25"/>
                <posEnd file="$data/sounds/prefab/gate/gateOpened.wav" linkNode="0>1|0" volume="0.8" radius="25" innerRadius="3" />
                <negEnd file="$data/sounds/prefab/gate/gateClosed.wav" linkNode="0>1|0" volume="0.8" radius="25" innerRadius="3" />
            </sounds>
        </animatedObject>


  <animatedObject saveId="speaker" >
   <controls triggerNode="0>1|3" posAction="ACTIVATE_HANDTOOL" posText="l10nXmasMusicPlay" negText="l10nXmasMusicPlayAgain" />
   <sounds>
    <moving file="xmasSong.ogg" loops="0" linkNode="0>1|2" volume="0.8" radius="3" innerRadius="1" fadeOut="0.25"/>
   </sounds>
   <animation duration="27">
    <part node="0>1|4">
     <keyFrame time="0.0" rotation="0 0 0"/>
     <keyFrame time="0.1" rotation="0 0 30"/>
     <keyFrame time="0.2" rotation="0 0 -30"/>
     <keyFrame time="0.3" rotation="0 0 30"/>
     <keyFrame time="0.4" rotation="0 0 -30"/>
     <keyFrame time="0.5" rotation="0 0 30"/>
     <keyFrame time="0.6" rotation="0 0 -30"/>
     <keyFrame time="0.7" rotation="0 0 30"/>
     <keyFrame time="0.8" rotation="0 0 -30"/>
     <keyFrame time="0.9" rotation="0 0 30"/>
     <keyFrame time="1" rotation="0 0 0" />
    </part>
    <part node="0>1|5">
     <keyFrame time="0.0" rotation="0 0 0"/>
     <keyFrame time="0.1" rotation="0 0 30"/>
     <keyFrame time="0.2" rotation="0 0 -30"/>
     <keyFrame time="0.3" rotation="0 0 30"/>
     <keyFrame time="0.4" rotation="0 0 -30"/>
     <keyFrame time="0.5" rotation="0 0 30"/>
     <keyFrame time="0.6" rotation="0 0 -30"/>
     <keyFrame time="0.7" rotation="0 0 30"/>
     <keyFrame time="0.8" rotation="0 0 -30"/>
     <keyFrame time="0.9" rotation="0 0 30"/>
     <keyFrame time="1" rotation="0 0 0" />
    </part>
    <part node="0>1|6">
     <keyFrame time="0.0" rotation="0 0 0"/>
     <keyFrame time="0.1" rotation="0 0 30"/>
     <keyFrame time="0.2" rotation="0 0 -30"/>
     <keyFrame time="0.3" rotation="0 0 30"/>
     <keyFrame time="0.4" rotation="0 0 -30"/>
     <keyFrame time="0.5" rotation="0 0 30"/>
     <keyFrame time="0.6" rotation="0 0 -30"/>
     <keyFrame time="0.7" rotation="0 0 30"/>
     <keyFrame time="0.8" rotation="0 0 -30"/>
     <keyFrame time="0.9" rotation="0 0 30"/>
     <keyFrame time="1" rotation="0 0 0" />
    </part>
    <part node="0>1|7">
     <keyFrame time="0.0" rotation="0 0 0"/>
     <keyFrame time="0.1" rotation="0 0 30"/>
     <keyFrame time="0.2" rotation="0 0 -30"/>
     <keyFrame time="0.3" rotation="0 0 30"/>
     <keyFrame time="0.4" rotation="0 0 -30"/>
     <keyFrame time="0.5" rotation="0 0 30"/>
     <keyFrame time="0.6" rotation="0 0 -30"/>
     <keyFrame time="0.7" rotation="0 0 30"/>
     <keyFrame time="0.8" rotation="0 0 -30"/>
     <keyFrame time="0.9" rotation="0 0 30"/>
     <keyFrame time="1" rotation="0 0 0" />
    </part>
    <part node="0>1|8">
     <keyFrame time="0.0" rotation="0 0 0"/>
     <keyFrame time="0.1" rotation="0 0 30"/>
     <keyFrame time="0.2" rotation="0 0 -30"/>
     <keyFrame time="0.3" rotation="0 0 30"/>
     <keyFrame time="0.4" rotation="0 0 -30"/>
     <keyFrame time="0.5" rotation="0 0 30"/>
     <keyFrame time="0.6" rotation="0 0 -30"/>
     <keyFrame time="0.7" rotation="0 0 30"/>
     <keyFrame time="0.8" rotation="0 0 -30"/>
     <keyFrame time="0.9" rotation="0 0 30"/>
     <keyFrame time="1" rotation="0 0 0" />
    </part>
    <part node="0>1|9">
     <keyFrame time="0.0" rotation="0 0 0"/>
     <keyFrame time="0.1" rotation="0 0 30"/>
     <keyFrame time="0.2" rotation="0 0 -30"/>
     <keyFrame time="0.3" rotation="0 0 30"/>
     <keyFrame time="0.4" rotation="0 0 -30"/>
     <keyFrame time="0.5" rotation="0 0 30"/>
     <keyFrame time="0.6" rotation="0 0 -30"/>
     <keyFrame time="0.7" rotation="0 0 30"/>
     <keyFrame time="0.8" rotation="0 0 -30"/>
     <keyFrame time="0.9" rotation="0 0 30"/>
     <keyFrame time="1" rotation="0 0 0" />
    </part>
   </animation>
  </animatedObject>

  </animatedObjects>




</placeable>

