<?xml version="1.0" encoding="utf-8" standalone="no" ?>
<placeable type="simplePlaceable" xmlns:xsi="http://www.w3.org/2001/XMLSchema-instance" xsi:noNamespaceSchemaLocation="../../../../../shared/xml/schema/placeable.xsd">
    <storeData>
	<name>
			<en>Beverages Stall Decoration</en>
			<de>Getränke-Stand Dekoration</de>
	</name>

	<functions>
	<function>
			<en>Christmas market stall for beverages as decorative object.</en>
			<de>Weihnachtsmarkt Stand für Getränke als Deko-Objekt.</de>
	</function>
	</functions>

		<image>store_marketBeverages.dds</image>
        <price>200</price>
        <lifetime>1000</lifetime>
        <rotation>0</rotation>
        <brand>NONE</brand>
        <species>placeable</species>
        <category>gardenSheds</category>
        <brush>
            <type>placeable</type>
            <category>decoration</category>
            <tab>uncategorized</tab>
        </brush>
        <canBeSold>true</canBeSold>
        <showInStore>true</showInStore>
        <vertexBufferMemoryUsage>379904</vertexBufferMemoryUsage>
        <indexBufferMemoryUsage>78336</indexBufferMemoryUsage>
        <textureMemoryUsage>3997696</textureMemoryUsage>
        <audioMemoryUsage>0</audioMemoryUsage>
        <instanceVertexBufferMemoryUsage>0</instanceVertexBufferMemoryUsage>
        <instanceIndexBufferMemoryUsage>0</instanceIndexBufferMemoryUsage>
    </storeData>

    <base>
        <filename>marketBeverages.i3d</filename>
        <canBeRenamed>true</canBeRenamed>
    </base>

    <placement useRandomYRotation="false" useManualYRotation="true" >
        <testAreas>
            <testArea startNode="testArea1Start" endNode="testArea1End" />
        </testAreas>
        <sounds>
            <place template="medImp" />
        </sounds>
    </placement>

    <clearAreas>
        <clearArea startNode="clearArea1Start" widthNode="clearArea1Width" heightNode="clearArea1Height"/>
    </clearAreas>

    <leveling requireLeveling="true" maxSmoothDistance="1" maxSlope="75" maxEdgeAngle="30">
        <levelAreas>
            <levelArea startNode="levelArea1Start" widthNode="levelArea1Width" heightNode="levelArea1Height"/>
        </levelAreas>
    </leveling>

    <indoorAreas>
        <indoorArea startNode="indoorArea1Start" widthNode="indoorArea1Width" heightNode="indoorArea1Height" />
    </indoorAreas>

    <tipOcclusionUpdateAreas>
        <tipOcclusionUpdateArea startNode="tipOcclusionUpdateArea1Start" endNode="tipOcclusionUpdateArea1End" />
    </tipOcclusionUpdateAreas>

    <ai>
        <updateAreas>
            <updateArea startNode="tipOcclusionUpdateArea1Start" endNode="tipOcclusionUpdateArea1End" />
        </updateAreas>
    </ai>

    <animatedObjects>
        <animatedObject saveId="door" >
            <animation duration="1.5">
                <part node="0>1|0">
                    <keyFrame time="0.0" rotation="0 0 0"/>
                    <keyFrame time="1.0" rotation="0 175 0"/>
                </part>
            </animation>
            <controls triggerNode="0>1|1" posAction="ACTIVATE_HANDTOOL" posText="action_openGate" negText="action_closeGate" />
            <sounds>
                <moving file="$data/sounds/prefab/gate/backDoorLoop.wav" loops="0" linkNode="0>1|0" volume="0.8" radius="25" innerRadius="3" fadeOut="0.25"/>
                <posEnd file="$data/sounds/prefab/gate/gateOpened.wav" linkNode="0>1|0" volume="0.8" radius="25" innerRadius="3" />
                <negEnd file="$data/sounds/prefab/gate/gateClosed.wav" linkNode="0>1|0" volume="0.8" radius="25" innerRadius="3" />
            </sounds>
        </animatedObject>


  <animatedObject saveId="winePot" >
   <controls triggerNode="1|2|2" posAction="ACTIVATE_HANDTOOL" posText="l10nPour" negText="l10nPourAgain" />
   <sounds>
    <moving file="waterFill.ogg" loops="0" linkNode="1|2|1" volume="3.8" radius="25" innerRadius="10" fadeOut="0.25"/>
   </sounds>
   <animation duration="5">
    <part node="1|2|1">
     <keyFrame time="0.0" visibility="false"/>
     <keyFrame time="0.01" visibility="true"/>
     <keyFrame time="0.9" visibility="true"/>
     <keyFrame time="1" visibility="false" />
    </part>
    <part node="1|2|0|0">
     <keyFrame time="0.0" visibility="false" translation="0 0 0"/>
     <keyFrame time="0.2" visibility="true" translation="0 0 0"/>
     <keyFrame time="1" visibility="true" translation="0 0 0.0008" />
    </part>
   </animation>
  </animatedObject>

  <animatedObject saveId="metPot" >
   <controls triggerNode="1|3|2" posAction="ACTIVATE_HANDTOOL" posText="l10nPour" negText="l10nPourAgain" />
   <sounds>
    <moving file="waterFill.ogg" loops="0" linkNode="1|3|1" volume="3.8" radius="25" innerRadius="10" fadeOut="0.25"/>
   </sounds>
   <animation duration="5">
    <part node="1|3|1">
     <keyFrame time="0.0" visibility="false"/>
     <keyFrame time="0.01" visibility="true"/>
     <keyFrame time="0.9" visibility="true"/>
     <keyFrame time="1" visibility="false" />
    </part>
    <part node="1|3|0|0">
     <keyFrame time="0.0" visibility="false" translation="0 0 0"/>
     <keyFrame time="0.2" visibility="true" translation="0 0 0"/>
     <keyFrame time="1" visibility="true" translation="0 0 0.09" />
    </part>
   </animation>
  </animatedObject>
  </animatedObjects>


    <i3dMappings>
        <i3dMapping id="testArea1Start" node="0>3|1" />
        <i3dMapping id="testArea1End" node="0>3|1|0" />
        <i3dMapping id="clearArea1Start" node="0>3|0" />
        <i3dMapping id="clearArea1Width" node="0>3|0|0" />
        <i3dMapping id="clearArea1Height" node="0>3|0|1" />
        <i3dMapping id="levelArea1Start" node="0>3|0" />
        <i3dMapping id="levelArea1Width" node="0>3|0|0" />
        <i3dMapping id="levelArea1Height" node="0>3|0|1" />
        <i3dMapping id="indoorArea1Start" node="0>3|2" />
        <i3dMapping id="indoorArea1Width" node="0>3|2|0" />
        <i3dMapping id="indoorArea1Height" node="0>3|2|1" />
        <i3dMapping id="tipOcclusionUpdateArea1Start" node="0>3|3" />
        <i3dMapping id="tipOcclusionUpdateArea1End" node="0>3|3|0" />
    </i3dMappings>
</placeable>
